Brand;Model;Case Material;Strap Material;Dial Color;Crystal Material;Complications;Movement Type;Water Resistance;Case Diameter (mm);Case Thickness (mm);Power Reserve;Price (USD);Band Width (mm)
Rolex;Submariner;Stainless Steel;Stainless Steel;Black;Sapphire;Date;5;300;40;13;48;9500;20
Omega;Seamaster;Titanium;Rubber;Blue;Sapphire;Date;5;600;435;1447;60;5800;21
Tag Heuer;Carrera;Stainless Steel;Leather;White;Sapphire;Chronograph;5;100;41;13;42;4200;20
Breitling;Navitimer;Stainless Steel;Stainless Steel;Black;Sapphire;Chronograph;5;30;43;1425;70;7900;22
Cartier;Tank Solo;Stainless Steel;Leather;Silver;Sapphire;None;1;30;31;605;65;2800;20
Jaeger-LeCoultre;Reverso;Stainless Steel;Leather;Black;Sapphire;None;3;30;429;92;45;5500;20
Seiko;Prospex;Stainless Steel;Rubber;Black;Sapphire;Date;5;200;443;129;50;1400;20
Citizen;Promaster;Stainless Steel;Stainless Steel;Black;Mineral;Chronograph;1;200;42;13;270;1200;22
Tissot;Le Locle;Stainless Steel;Leather;White;Sapphire;Date;5;30;393;975;38;650;19
Hamilton;Khaki Field;Stainless Steel;Leather;Black;Sapphire;None;5;100;38;98;80;495;20
Longines;Master Collection;Stainless Steel;Leather;Silver;Sapphire;Date;5;30;385;97;64;1150;20
Oris;Big Crown ProPilot;Stainless Steel;Textile;Black;Sapphire;Date GMT;5;100;41;12;38;1800;20
Bell & Ross;Aviation;Stainless Steel;Rubber;Black;Sapphire;Chronograph;5;100;42;115;42;4500;24
Sinn;104;Stainless Steel;Leather;Black;Sapphire;Date;5;200;41;115;42;1400;20
Breguet;Classique;18k White Gold;Leather;Silver;Sapphire;None;3;30;38;865;40;16000;20
Audemars Piguet;Royal Oak;Stainless Steel;Stainless Steel;Silver;Sapphire;Date;5;50;41;98;60;22000;20
Vacheron Constantin;Overseas;Stainless Steel;Rubber;Blue;Sapphire;Date;5;150;41;11;40;19000;22
Omega;Speedmaster;Stainless Steel;Stainless Steel;Black;Sapphire;Chronograph Tachymeter;5;50;42;145;60;4500;20
Breitling;Superocean;Stainless Steel;Rubber;Blue;Sapphire;Date;5;500;42;133;38;3200;20
Panerai;Luminor Base Logo;Stainless Steel;Leather;Black;Sapphire;None;3;100;44;105;56;3900;22
Tudor;Black Bay;Stainless Steel;Leather;Black;Sapphire;None;5;200;41;119;70;3500;22
Rolex;GMT-Master II;Stainless Steel;Stainless Steel;Black;Sapphire;GMT;5;100;40;125;48;14000;20
IWC;Pilot's Watch;Stainless Steel;Leather;Black;Sapphire;Date;5;60;41;125;42;4800;20
Jaeger-LeCoultre;Master Ultra Thin;Stainless Steel;Leather;Silver;Sapphire;None;5;50;39;758;70;7500;20
Bell & Ross;BR 03-92;Ceramic;Rubber;Black;Sapphire;None;5;100;42;93;42;23000;22
Montblanc;1858 Geosphere;Stainless Steel;Leather;Black;Sapphire;World Time GMT;5;100;42;112;42;6200;22
Cartier;Santos-Dumont;Stainless Steel;Leather;Silver;Sapphire;None;1;30;38;75;32;3500;18
Audemars Piguet;Royal Oak;Stainless Steel;Stainless Steel;Black;Sapphire;Date;5;50;41;104;60;21000;20
Rolex;Datejust;Stainless Steel;Jubilee;Silver;Sapphire;Date;5;100;36;12;70;9000;20
Omega;Speedmaster Moonwatch;Stainless Steel;Stainless Steel;Black;Hesalite;Chronograph Tachymeter;3;50;42;143;48;5250;20
IWC;Portugieser;Stainless Steel;Alligator;Silver;Sapphire;Date;5;30;404;123;60;8800;20
Audemars Piguet;Royal Oak;Stainless Steel;Stainless Steel;Black;Sapphire;Date;5;50;41;104;60;17800;20
Blancpain;Fifty Fathoms;Stainless Steel;Canvas;Black;Sapphire;Date;5;300;45;154;120;11500;23
Zenith;El Primero;Stainless Steel;Alligator;Silver;Sapphire;Chronograph;5;100;42;1275;50;6500;20
Breguet;Classique;18K Rose Gold;Leather;Silver;Sapphire;None;5;30;39;865;45;23500;20
Piaget;Polo S;Stainless Steel;Stainless Steel;Blue;Sapphire;Date;5;100;42;94;50;10000;24
Ulysse Nardin;Marine;Stainless Steel;Rubber;Blue;Sapphire;Date;5;100;44;125;60;9500;22
Vacheron Constantin;Overseas;Stainless Steel;Stainless Steel;Silver;Sapphire;Date;5;150;41;11;60;21500;20
Jaquet Droz;Grande Seconde;Stainless Steel;Leather;Black;Sapphire;None;5;30;43;1227;68;9800;23
Audemars Piguet;Royal Oak;Stainless Steel;Stainless Steel;Blue;Sapphire;Date;5;50;41;104;60;19900;20
Blancpain;Fifty Fathoms;Stainless Steel;Canvas;Black;Sapphire;Date;5;300;45;155;120;14400;22
Breguet;Type XXI;Stainless Steel;Leather;Silver;Sapphire;Chronograph;5;100;42;1385;48;9500;22
Bulgari;Octo Finissimo;Titanium;Leather;Black;Sapphire;None;5;100;40;515;60;12800;28
Chopard;Mille Miglia;Stainless Steel;Leather;Black;Sapphire;Chronograph;5;50;44;137;42;6500;20
Girard-Perregaux;Laureato;Stainless Steel;Stainless Steel;Blue;Sapphire;None;5;100;42;1088;54;7800;20
Glashütte Original;Senator;Stainless Steel;Leather;Silver;Sapphire;None;5;50;42;122;40;9200;21
Hublot;Classic Fusion;Titanium;Rubber;Black;Sapphire;None;5;50;42;93;42;6500;20
IWC;Portugieser;Stainless Steel;Leather;Silver;Sapphire;None;5;30;41;123;60;8400;22
Jaquet Droz;Grande Seconde;Stainless Steel;Leather;Silver;Sapphire;None;5;30;43;1213;68;6200;23
Longines;Master Collection;Stainless Steel;Leather;Blue;Sapphire;Date;5;30;385;93;42;1600;20
Patek Philippe;Nautilus;Stainless Steel;Stainless Steel;Blue;Sapphire;Date;5;120;405;83;45;29800;20
Audemars Piguet;Royal Oak;Stainless Steel;Stainless Steel;Blue;Sapphire;Date;5;50;41;98;60;24500;20
IWC;Portugieser;Stainless Steel;Leather;Silver;Sapphire;None;5;30;41;123;60;7950;22
Hublot;Classic Fusion;Titanium;Rubber;Black;Sapphire;None;5;50;42;105;42;8200;22
Blancpain;Fifty Fathoms;Stainless Steel;Canvas;Black;Sapphire;Date;5;300;45;154;120;11500;23
Zenith;Chronomaster;Stainless Steel;Leather;Silver;Sapphire;Chronograph;5;100;42;131;50;9400;22
Girard-Perregaux;Laureato;Stainless Steel;Stainless Steel;Blue;Sapphire;None;5;100;38;1088;54;6700;25
Chopard;Mille Miglia;Stainless Steel;Leather;Black;Sapphire;Chronograph;5;50;42;1143;42;6100;20
Vacheron Constantin;Overseas;Stainless Steel;Stainless Steel;Blue;Sapphire;Date;5;150;41;11;60;16300;22
Montblanc;1858;Stainless Steel;Leather;Black;Sapphire;None;5;100;42;128;38;3600;22
Ulysse Nardin;Marine;Stainless Steel;Rubber;Black;Sapphire;Date;5;300;44;125;60;9500;22
Rolex;Datejust;Stainless Steel;Stainless Steel;Silver;Sapphire;Date;5;100;41;112;70;8900;20
Patek Philippe;Nautilus;Stainless Steel;Stainless Steel;Blue;Sapphire;Date Moon Phase;5;120;408;83;48;44500;20
Audemars Piguet;Royal Oak;Stainless Steel;Stainless Steel;Blue;Sapphire;Date;5;50;41;104;60;17000;20
Tudor;Black Bay;Stainless Steel;Fabric;Black;Sapphire;None;5;200;41;127;70;4500;22
IWC;Portugieser;Stainless Steel;Leather;Silver;Sapphire;Chronograph Date;5;30;41;123;46;8300;22
Panerai;Luminor Marina;Stainless Steel;Leather;Black;Sapphire;Date Second Time Zone;5;300;44;1305;72;8900;24
Blancpain;Fifty Fathoms;Stainless Steel;Fabric;Black;Sapphire;Date Unidirectional Bezel;5;300;436;1383;120;12000;23
Hublot;Classic Fusion;Titanium;Rubber;Blue;Sapphire;Date;5;50;45;1095;42;7500;24
Zenith;Chronomaster;Stainless Steel;Leather;Silver;Sapphire;Chronograph Date;5;50;42;1405;50;6900;22
Vacheron Constantin;Overseas;Stainless Steel;Stainless Steel;Blue;Sapphire;Date Second Time Zone;5;50;41;11;60;15500;20
Girard-Perregaux;Laureato;Stainless Steel;Stainless Steel;Black;Sapphire;None;5;100;42;1088;54;11200;22
Audemars Piguet;Royal Oak;Stainless Steel;Stainless Steel;Blue;Sapphire;Date Power Reserve Indicator;5;50;39;94;60;18900;20
Patek Philippe;Nautilus;Stainless Steel;Stainless Steel;Blue;Sapphire;Date;5;120;405;83;45;49800;20
IWC;Pilot's Watch;Stainless Steel;Leather;Black;Sapphire;Date Chronograph;5;60;41;125;44;5500;20
Panerai;Luminor;Titanium;Rubber;Black;Sapphire;Date;5;300;44;1565;72;9600;24
Breguet;Type XX;Stainless Steel;Leather;Black;Sapphire;Date Chronograph Flyback;5;100;395;141;48;8800;20
Blancpain;Fifty Fathoms;Stainless Steel;Rubber;Black;Sapphire;Date;5;300;43;134;120;14700;23
Girard-Perregaux;Laureato;Stainless Steel;Stainless Steel;Blue;Sapphire;Date;5;100;42;1088;54;10600;22
Vacheron Constantin;Overseas;Stainless Steel;Stainless Steel;Black;Sapphire;Date;5;150;41;11;60;19200;20
Zenith;El Primero;Stainless Steel;Leather;Silver;Sapphire;Chronograph;5;100;38;1215;50;7500;19
Chopard;Mille Miglia;Stainless Steel;Leather;Black;Sapphire;Chronograph;5;50;42;1267;48;5600;20
Longines;HydroConquest;Stainless Steel;Stainless Steel;Blue;Sapphire;Date;5;300;43;1275;64;1400;22
Rolex;Submariner;Stainless Steel;Stainless Steel;Black;Sapphire;Date;5;300;40;13;48;9500;20
Omega;Seamaster;Titanium;Rubber;Blue;Sapphire;Date;5;600;435;1447;60;5800;21
Tag Heuer;Carrera;Stainless Steel;Leather;White;Sapphire;Chronograph;5;100;41;13;42;4200;20
Breitling;Navitimer;Stainless Steel;Stainless Steel;Black;Sapphire;Chronograph;5;30;43;1425;70;7900;22
Cartier;Tank Solo;Stainless Steel;Leather;Silver;Sapphire;None;1;30;31;605;56;2800;20
Jaeger-LeCoultre;Reverso;Stainless Steel;Leather;Black;Sapphire;None;3;30;429;92;45;5500;20
Tudor;Black Bay;Stainless Steel;Leather;Black;Sapphire;Date;5;200;41;1275;70;3500;22
Seiko;Prospex;Stainless Steel;Silicone;Blue;Hardlex;None;5;200;423;134;50;650;22
Citizen;Promaster;Titanium;Titanium;Black;Sapphire;Chronograph;1;200;465;15;210;995;23
Hamilton;Khaki Field Auto;Stainless Steel;Leather;Black;Sapphire;None;5;100;38;985;80;545;20
Bulova;Precisionist;Stainless Steel;Stainless Steel;Black;Mineral;Chronograph;1;300;465;175;67;650;24
Omega;Speedmaster;Stainless Steel;Stainless Steel;Black;Hesalite;Chronograph Tachymeter;3;50;42;143;48;5500;20
Breitling;Superocean Heritage;Stainless Steel;Rubber;Black;Sapphire;Date;5;200;42;1435;38;4800;22
Jaeger-LeCoultre;Master Control;Stainless Steel;Leather;Silver;Sapphire;Date;5;50;40;88;70;6500;20
Cartier;Santos;Stainless Steel;Stainless Steel;Silver;Sapphire;Date;5;100;398;908;42;7500;215
Zenith;Elite;Stainless Steel;Leather;Silver;Sapphire;None;5;50;405;915;50;4500;20
Panerai;Luminor Base;Stainless Steel;Leather;Black;Sapphire;None;3;100;44;105;56;5800;24
Audemars Piguet;Royal Oak;Stainless Steel;Stainless Steel;Silver;Sapphire;Date;5;50;41;104;60;21000;20
IWC;Pilot's Watch;Stainless Steel;Leather;Black;Sapphire;Date;5;60;41;1086;42;3800;20
Tudor;Black Bay;Stainless Steel;Leather;Black;Sapphire;Date;5;200;41;127;70;3900;22
Longines;Conquest VHP;Stainless Steel;Stainless Steel;Black;Sapphire;Chronograph Date;1;50;41;121;66;1500;20
Sinn;U1;Stainless Steel;Rubber;Black;Sapphire;None;5;1000;44;143;38;2500;22
Patek Philippe;Nautilus;Stainless Steel;Stainless Steel;Blue;Sapphire;Date Power Reserve Moon Phase;5;120;408;83;45;38000;20
Audemars Piguet;Royal Oak;Rose Gold;Rose Gold;Blue;Sapphire;Date;5;50;41;98;60;55000;20
Vacheron Constantin;Overseas;Stainless Steel;Stainless Steel;Blue;Sapphire;Date Power Reserve;5;150;41;11;40;21000;22
A. Lange & Sohne;Saxonia;White Gold;Leather;Silver;Sapphire;None;3;30;385;78;45;23000;18
Breguet;Classique;Rose Gold;Leather;Silver;Sapphire;Power Reserve;3;30;385;825;65;23000;20
IWC;Portugieser;Stainless Steel;Leather;Blue;Sapphire;None;5;30;41;123;60;8500;22
Blancpain;Fifty Fathoms;Stainless Steel;Fabric;Black;Sapphire;Date;5;300;45;155;120;14000;23
Hublot;Big Bang;Titanium;Rubber;Blue;Sapphire;Chronograph;5;100;44;145;72;16000;24
Panerai;Luminor Marina;Stainless Steel;Leather;Black;Sapphire;None;5;300;44;1565;72;8500;24
Zenith;El Primero;Stainless Steel;Leather;Silver;Sapphire;Chronograph;5;100;42;1275;50;6000;20
Piaget;Altiplano;White Gold;Leather;Silver;Sapphire;None;3;30;38;61;43;16500;20
Seiko;Prospex;Stainless Steel;Silicone;Blue;Sapphire;Day/Date;5;200;443;127;41;1200;20
Panerai;Luminor Due;Stainless Steel;Leather;Black;Sapphire;None;5;30;38;112;72;6500;20
IWC;Portugieser;Stainless Steel;Leather;Blue;Sapphire;Chronograph Moon Phase;5;30;41;123;46;9800;22
Blancpain;Fifty Fathoms;Titanium;Rubber;Black;Sapphire;None;5;300;45;155;120;16800;23
Audemars Piguet;Royal Oak;Stainless Steel;Stainless Steel;Black;Sapphire;Date;5;50;41;95;60;19800;20
Patek Philippe;Nautilus;Stainless Steel;Stainless Steel;Blue;Sapphire;Date;5;120;408;83;45;47000;20
Breguet;Classique;18K Rose Gold;Leather;White;Sapphire;None;5;30;40;68;55;19000;20
Vacheron Constantin;Patrimony;18K White Gold;Leather;Silver;Sapphire;None;3;30;40;679;65;18500;20
Chopard;Mille Miglia;Stainless Steel;Leather;Black;Sapphire;Chronograph;5;50;44;1497;42;5800;22
Longines;Conquest;Stainless Steel;Stainless Steel;Black;Sapphire;Chronograph;5;300;41;132;54;2200;20
Montblanc;1858;Stainless Steel;Leather;Black;Sapphire;None;3;30;44;123;50;3500;22
Rolex;GMT-Master II;Stainless Steel;Stainless Steel;Black;Sapphire;GMT Date;5;100;40;125;70;9950;20
Omega;Speedmaster;Stainless Steel;Stainless Steel;Black;Hesalite;Chronograph;5;50;42;137;48;4950;20
Patek Philippe;Nautilus;Stainless Steel;Stainless Steel;Blue;Sapphire;Date;5;120;408;83;45;38000;20
Audemars Piguet;Royal Oak;Stainless Steel;Stainless Steel;Blue;Sapphire;Date;5;50;41;98;60;22000;20
IWC;Portugieser;Stainless Steel;Leather;Silver;Sapphire;None;5;30;41;123;46;7500;22
Jaeger-LeCoultre;Master Ultra Thin;Stainless Steel;Leather;Silver;Sapphire;Date;5;50;39;758;70;8900;20
Blancpain;Fifty Fathoms;Stainless Steel;Fabric;Black;Sapphire;Date;5;300;45;154;120;13900;23
Breguet;Classique;Rose Gold;Leather;Silver;Sapphire;None;3;30;40;68;65;20500;20
Ulysse Nardin;Marine;Titanium;Rubber;Blue;Sapphire;Date;5;300;44;145;60;9500;22
Hublot;Big Bang;Ceramic;Rubber;Black;Sapphire;Chronograph;5;100;41;145;72;16000;20
Zenith;El Primero;Stainless Steel;Leather;White;Sapphire;Chronograph;5;100;38;1275;50;5500;20
Rolex;Datejust;Stainless Steel;Stainless Steel;Black;Sapphire;Date;5;100;41;118;70;8200;20
Omega;Speedmaster Moonwatch;Stainless Steel;Stainless Steel;Black;Hesalite;Chronograph Tachymeter;3;50;42;132;48;5500;20
Cartier;Ballon Bleu;Stainless Steel;Stainless Steel;Silver;Sapphire;Date;5;30;33;996;42;6500;18
Breitling;Superocean;Stainless Steel;Rubber;Blue;Sapphire;Date;5;500;42;1332;38;3600;20
Patek Philippe;Calatrava;Rose Gold;Leather;White;Sapphire;None;3;30;36;745;44;18000;18
Hublot;Big Bang;Titanium;Rubber;Black;Sapphire;Chronograph Date;5;100;42;145;72;8900;24
Blancpain;Fifty Fathoms;Stainless Steel;Canvas;Black;Sapphire;Date Rotating Bezel;5;300;45;154;120;13500;23
Audemars Piguet;Royal Oak;Stainless Steel;Stainless Steel;Blue;Sapphire;Date;5;50;41;104;60;26000;20
Zenith;El Primero;Stainless Steel;Leather;Black;Sapphire;Chronograph;5;100;42;1275;50;6500;22
IWC;Portugieser;Stainless Steel;Leather;Silver;Sapphire;None;5;30;415;123;60;7800;22
Jaeger-LeCoultre;Master Ultra Thin;Stainless Steel;Leather;Silver;Sapphire;None;5;50;38;758;70;4500;20
Patek Philippe;Nautilus;Stainless Steel;Stainless Steel;Blue;Sapphire;Date;5;120;405;83;45;29800;22
Audemars Piguet;Royal Oak;Stainless Steel;Stainless Steel;Black;Sapphire;Date;5;50;41;98;60;23100;20
IWC;Portugieser;Stainless Steel;Leather;Silver;Sapphire;None;5;30;41;123;60;7950;22
Vacheron Constantin;Overseas;Stainless Steel;Rubber;Blue;Sapphire;Date;5;150;415;11;40;18900;22
Blancpain;Fifty Fathoms;Stainless Steel;Canvas;Black;Sapphire;Date;5;300;45;155;120;12800;23
Hublot;Big Bang;Ceramic;Rubber;Black;Sapphire;Chronograph;5;100;44;145;72;17900;26
Breguet;Classique;18k Rose Gold;Leather;Silver;Sapphire;None;3;30;39;865;40;15200;20
Ulysse Nardin;Marine;Stainless Steel;Leather;Blue;Sapphire;Date;5;100;422;142;60;8400;22
Zenith;Defy;Titanium;Rubber;Blue;Sapphire;Chronograph;5;100;41;1075;50;9500;22
Girard-Perregaux;Laureato;Stainless Steel;Stainless Steel;Silver;Sapphire;None;5;100;42;1088;46;9200;22
Panerai;Luminor;Stainless Steel;Leather;Black;Sapphire;None;3;100;44;1305;56;7500;24
Seiko;Prospex;Stainless Steel;Silicone;Blue;Hardlex;Date;5;200;43;132;50;1300;22
Tissot;Le Locle;Stainless Steel;Leather;Silver;Sapphire;Date;5;30;393;975;38;650;20
Longines;Master Collection;Stainless Steel;Leather;Black;Sapphire;Date;5;30;40;1025;64;2500;20
Hamilton;Jazzmaster;Stainless Steel;Leather;Silver;Sapphire;Date;5;50;40;1115;80;1150;20
Montblanc;Heritage;Stainless Steel;Leather;Silver;Sapphire;Date;5;50;40;985;42;2750;20
Rado;True Thinline;High-Tech Ceramic;Leather;Black;Sapphire;None;1;30;39;5;45;1600;22
Frederique Constant;Classics;Stainless Steel;Leather;Silver;Sapphire;Date;5;50;40;105;38;1400;20
Zenith;Elite;Stainless Steel;Leather;White;Sapphire;Date;5;50;405;815;50;5500;22
Girard-Perregaux;Laureato;Stainless Steel;Stainless Steel;Black;Sapphire;Date;5;100;38;1088;46;8700;25
Ulysse Nardin;Marine Torpilleur;Stainless Steel;Leather;Blue;Sapphire;Date;5;50;42;1115;60;7900;20
Sinn;U50;German Submarine Steel;Silicone;Black;Sapphire;None;5;500;45;147;38;3350;22
Rolex;Datejust;Stainless Steel;Jubilee;Black;Sapphire;Date;5;100;36;125;70;8000;20
Omega;Speedmaster;Stainless Steel;Stainless Steel;Black;Sapphire;Chronograph;5;50;42;135;60;6500;20
Cartier;Ballon Bleu;Stainless Steel;Leather;Silver;Sapphire;Date;5;30;33;996;42;4500;16
Tag Heuer;Aquaracer;Stainless Steel;Stainless Steel;Blue;Sapphire;None;1;300;43;108;88;1800;20
Breitling;Superocean;Stainless Steel;Rubber;Blue;Sapphire;Date;5;2000;42;1332;38;3600;20
IWC;Portugieser;Stainless Steel;Leather;Blue;Sapphire;Date;5;30;41;123;60;8900;22
Panerai;Luminor Marina;Titanium;Leather;Black;Sapphire;None;3;300;44;1305;56;5700;24
Patek Philippe;Nautilus;Stainless Steel;Stainless Steel;Blue;Sapphire;Date;5;120;405;83;45;34000;22
Jaeger-LeCoultre;Master Ultra Thin;Stainless Steel;Leather;Silver;Sapphire;None;5;50;39;758;43;6800;20
Bell & Ross;BR V2-92;Stainless Steel;Rubber;Black;Sapphire;Date;5;100;41;97;40;2500;22
Montblanc;1858;Bronze;Leather;Black;Sapphire;None;5;100;44;128;42;5300;22
Patek Philippe;Nautilus;Stainless Steel;Stainless Steel;Blue;Sapphire;Date;5;120;405;83;45;34000;22
Audemars Piguet;Royal Oak;Stainless Steel;Stainless Steel;Black;Sapphire;Date;5;50;41;98;60;22000;20
Vacheron Constantin;Overseas;Stainless Steel;Rubber;Blue;Sapphire;Date;5;150;41;11;60;17500;21
IWC;Portugieser;Stainless Steel;Leather;Silver;Sapphire;Date;5;30;41;131;60;8500;22
Hublot;Big Bang;Ceramic;Rubber;Black;Sapphire;Chronograph;5;100;445;145;72;15000;22
Zenith;El Primero;Stainless Steel;Leather;White;Sapphire;Chronograph;5;100;38;124;50;6000;19
Chopard;Mille Miglia;Stainless Steel;Leather;Black;Sapphire;Chronograph;5;50;42;1267;48;5000;20
Panerai;Luminor;Titanium;Rubber;Black;Sapphire;None;5;300;44;1305;72;8500;24
Girard-Perregaux;Laureato;Stainless Steel;Stainless Steel;Blue;Sapphire;Date;5;100;42;1088;54;9000;22
Blancpain;Fifty Fathoms;Stainless Steel;NATO Strap;Black;Sapphire;None;5;300;45;155;120;12500;23
Bulgari;Octo Finissimo;Titanium;Leather;Black;Sapphire;None;5;30;40;55;55;10000;21
Tudor;Black Bay;Stainless Steel;Leather;Black;Sapphire;Date;5;200;41;127;70;3800;22
Panerai;Luminor Marina;Stainless Steel;Leather;Black;Sapphire;Date;5;300;44;1305;72;8900;22
Hublot;Big Bang;Titanium;Rubber;Black;Sapphire;Chronograph;5;100;44;145;72;16800;25
IWC;Portugieser;Stainless Steel;Leather;Silver;Sapphire;Date;5;30;409;123;44;6900;20
Audemars Piguet;Royal Oak;Stainless Steel;Stainless Steel;Blue;Sapphire;Date;5;50;41;98;60;24500;20
Vacheron Constantin;Overseas;Stainless Steel;Rubber;Silver;Sapphire;Date;5;150;415;11;40;19500;21
Breguet;Classique;18k White Gold;Leather;Silver;Sapphire;Date;5;30;39;865;55;24500;20
Piaget;Altiplano;18k Rose Gold;Leather;White;Sapphire;None;3;30;38;6;43;20800;20
Blancpain;Fifty Fathoms;Stainless Steel;Fabric;Black;Sapphire;Date;5;300;45;155;120;13000;23
Girard-Perregaux;Laureato;Stainless Steel;Stainless Steel;Black;Sapphire;Date;5;100;41;1088;46;9700;22
Zenith;Chronomaster;Stainless Steel;Leather;Silver;Sapphire;Chronograph;5;50;42;1405;50;7400;22
Breitling;Superocean Heritage II;Stainless Steel;Rubber;Black;Sapphire;Date;5;200;44;142;70;4300;22
Cartier;Santos de Cartier;Stainless Steel;Stainless Steel;Silver;Sapphire;Date;5;100;398;908;42;6500;20
Omega;Speedmaster;Stainless Steel;Leather;Black;Hesalite;Chronograph;3;50;42;137;48;5500;20
Rolex;GMT-Master II;Stainless Steel;Stainless Steel;Black;Sapphire;GMT Date;5;100;40;124;70;9100;20
Jaeger-LeCoultre;Master Control;Stainless Steel;Leather;Silver;Sapphire;Date;5;50;40;88;70;7500;20
Audemars Piguet;Royal Oak;Stainless Steel;Stainless Steel;Blue;Sapphire;Date;5;50;41;104;60;20900;20
IWC;Pilot's Watch Mark XVIII;Stainless Steel;Leather;Black;Sapphire;Date;5;60;40;108;42;4200;20
Patek Philippe;Calatrava;18k White Gold;Leather;Silver;Sapphire;Date;5;30;39;86;48;22000;20
Tag Heuer;Aquaracer;Stainless Steel;Stainless Steel;Blue;Sapphire;None;1;300;32;95;70;1700;15
Tudor;Black Bay;Stainless Steel;Leather;Black;Sapphire;Date;5;200;41;127;70;3600;22
Rolex;Datejust;Stainless Steel;Jubilee Bracelet;Silver;Sapphire;Date;5;100;36;125;70;8900;20
Omega;Speedmaster;Stainless Steel;Stainless Steel;Black;Sapphire;Chronograph;5;50;42;135;60;6800;20
Tag Heuer;Aquaracer;Stainless Steel;Stainless Steel;Blue;Sapphire;Date;1;300;43;108;34;2600;21
Breitling;Superocean Heritage;Stainless Steel;Leather;Black;Sapphire;Date;5;200;42;1435;38;4400;20
Cartier;Ballon Bleu;18k Rose Gold;Leather;Silver;Sapphire;Date;5;30;33;996;42;13000;18
Jaeger-LeCoultre;Master Control;Stainless Steel;Leather;Silver;Sapphire;Date;5;50;39;85;70;7500;20
Tudor;Black Bay GMT;Stainless Steel;Stainless Steel;Black;Sapphire;GMT;5;200;41;145;70;4500;22
Zenith;El Primero;Stainless Steel;Leather;White;Sapphire;Chronograph;5;100;38;1245;50;6900;19
Longines;HydroConquest;Stainless Steel;Stainless Steel;Black;Sapphire;Date;5;300;41;1265;64;1800;20
Oris;Divers Sixty-Five;Stainless Steel;Leather;Blue;Sapphire;Date;5;100;40;129;38;1500;20
Hamilton;Khaki Field;Stainless Steel;NATO Strap;Black;Sapphire;None;5;100;38;97;80;595;20
Panerai;Luminor Marina;Stainless Steel;Leather;Black;Sapphire;Date;5;300;42;132;72;7500;22
IWC;Pilot's Watch;Stainless Steel;Leather;Black;Sapphire;Date;5;60;41;153;72;5400;22
Patek Philippe;Calatrava;White Gold;Leather;White;Sapphire;None;3;30;37;77;44;25000;20
Hublot;Big Bang;Carbon Fiber;Rubber;Black;Sapphire;Chronograph;5;100;44;145;72;15000;25
Zenith;Chronomaster;Stainless Steel;Leather;Silver;Sapphire;Chronograph;5;50;38;126;50;7500;20
Audemars Piguet;Royal Oak;Stainless Steel;Stainless Steel;Blue;Sapphire;Date;5;50;41;98;60;25000;20
Vacheron Constantin;Overseas;Stainless Steel;Stainless Steel;Blue;Sapphire;Date;5;50;41;11;40;18000;22
Breguet;Classique;White Gold;Leather;Silver;Sapphire;None;5;30;39;865;55;20000;21
Ulysse Nardin;Marine;Stainless Steel;Rubber;Blue;Sapphire;Date;5;100;42;128;60;8500;22
Blancpain;Fifty Fathoms;Stainless Steel;Canvas;Black;Sapphire;None;5;300;45;155;120;10500;23
Girard-Perregaux;Laureato;Stainless Steel;Stainless Steel;Black;Sapphire;Date;5;100;42;1088;54;9000;22
Patek Philippe;Nautilus;Stainless Steel;Stainless Steel;Blue;Sapphire;Date;5;120;408;83;55;51000;21
Audemars Piguet;Royal Oak;Stainless Steel;Stainless Steel;Blue;Sapphire;Date;5;50;41;98;60;22000;20
IWC;Pilot's Watch;Stainless Steel;Leather;Black;Sapphire;Chronograph;5;60;462;15;68;7500;20
Blancpain;Fifty Fathoms;Titanium;Fabric;Black;Sapphire;Date;5;300;45;154;120;14500;23
Vacheron Constantin;Overseas;Stainless Steel;Stainless Steel;Silver;Sapphire;Date;5;150;41;11;60;21500;22
Zenith;El Primero;Stainless Steel;Leather;Black;Sapphire;Chronograph;5;100;42;1275;50;7500;20
Hublot;Big Bang;Titanium;Rubber;Black;Sapphire;Chronograph;5;100;44;145;72;15000;22
Breguet;Classique;18k Rose Gold;Leather;Silver;Sapphire;None;5;30;39;102;40;18000;22
Chopard;Happy Sport;Stainless Steel;Leather;White;Sapphire;None;1;30;30;105;78;5000;17
Girard-Perregaux;Laureato;Stainless Steel;Stainless Steel;Blue;Sapphire;Date;5;100;41;1088;54;11500;22
Panerai;Luminor Marina;Stainless Steel;Leather;Black;Sapphire;Date;5;300;44;1565;72;8000;24
Tudor;Black Bay;Stainless Steel;Leather;Black;Sapphire;None;5;200;41;1475;70;3800;22
Panerai;Luminor;Stainless Steel;Leather;Black;Sapphire;None;3;100;44;1305;56;6400;24
IWC;Portugieser;Stainless Steel;Leather;Silver;Sapphire;Date;5;30;41;123;60;8900;22
Audemars Piguet;Royal Oak;Stainless Steel;Stainless Steel;Blue;Sapphire;Date;5;50;41;98;60;20400;20
Vacheron Constantin;Overseas;Stainless Steel;Rubber;Blue;Sapphire;Date;5;150;41;11;60;22000;21
Patek Philippe;Nautilus;Stainless Steel;Stainless Steel;Blue;Sapphire;Date;5;120;408;83;45;62500;21
Blancpain;Fifty Fathoms;Stainless Steel;Canvas;Black;Sapphire;Date;5;300;45;155;120;14900;23
Chopard;Mille Miglia;Stainless Steel;Leather;Silver;Sapphire;Chronograph;5;50;42;1267;42;5900;20
Longines;Master Collection;Stainless Steel;Leather;Silver;Sapphire;Date;5;30;40;935;64;1500;20
Montblanc;Heritage;Stainless Steel;Leather;Black;Sapphire;Date;5;50;40;985;38;2700;20
Zenith;El Primero;Stainless Steel;Leather;Black;Sapphire;Chronograph;5;100;42;1275;50;6500;20
Rolex;Datejust;Stainless Steel;Stainless Steel;Blue;Sapphire;Date;5;100;41;118;70;7800;21
Omega;Speedmaster;Stainless Steel;Stainless Steel;Black;Sapphire;Chronograph Date;5;50;42;1375;48;5300;20
Tag Heuer;Monaco;Stainless Steel;Leather;Blue;Sapphire;Chronograph;5;100;39;145;42;5900;22
Breitling;Superocean;Stainless Steel;Rubber;Blue;Sapphire;Date;5;1000;44;1421;38;3800;22
Cartier;Ballon Bleu;Stainless Steel;Stainless Steel;Silver;Sapphire;Date;5;30;42;13;42;7500;22
Jaeger-LeCoultre;Master Ultra Thin;Stainless Steel;Leather;White;Sapphire;Date;5;50;39;75;38;6200;20
Rolex;GMT-Master II;Stainless Steel;Stainless Steel;Black;Sapphire;GMT Date;5;100;40;125;70;9500;20
Omega;Aqua Terra;Stainless Steel;Stainless Steel;Silver;Sapphire;Date;5;150;415;13;60;4700;20
Tag Heuer;Aquaracer;Stainless Steel;Stainless Steel;Black;Sapphire;Date;5;300;41;125;38;2700;20
Breitling;Avenger II;Stainless Steel;Rubber;Black;Sapphire;Chronograph Date;5;300;43;165;42;4600;22
Cartier;Santos;Stainless Steel;Leather;Silver;Sapphire;Date;5;100;351;883;42;5300;22
Rolex;Daytona;Yellow Gold;Leather;Ivory;Sapphire;Chronograph;5;100;40;124;72;39500;20
Omega;Speedmaster;Stainless Steel;Stainless Steel;Black;Sapphire;Chronograph;3;50;42;143;48;5400;20
TAG Heuer;Monaco;Stainless Steel;Leather;Blue;Sapphire;Chronograph;5;100;39;14;42;6550;22
Cartier;Santos-Dumont;Stainless Steel;Leather;Silver;Sapphire;None;1;30;435;73;95;5300;23
Breitling;Superocean;Stainless Steel;Rubber;Blue;Sapphire;Date;5;1000;42;1332;38;3850;20
Patek Philippe;Calatrava;White Gold;Leather;Silver;Sapphire;None;5;30;39;825;48;25800;20
Tudor;Black Bay;Stainless Steel;Fabric;Black;Sapphire;Date;5;200;41;119;70;4100;22
Blancpain;Fifty Fathoms;Stainless Steel;Rubber;Black;Sapphire;Date;5;300;45;155;120;12900;23
IWC;Portugieser;Stainless Steel;Leather;Blue;Sapphire;None;5;30;41;123;60;6900;22
Vacheron Constantin;Overseas;Stainless Steel;Rubber;Blue;Sapphire;Date;5;150;41;11;40;19800;22
Rolex;Datejust;Stainless Steel;Stainless Steel;Black;Sapphire;Date;5;100;36;12;70;8100;20
Rolex;Datejust;Stainless Steel;Stainless Steel;Black;Sapphire;Date;5;100;36;125;70;6500;20
Omega;Speedmaster Moonwatch;Stainless Steel;Stainless Steel;Black;Hesalite;Chronograph;3;50;42;143;48;5400;20
Patek Philippe;Nautilus;Stainless Steel;Stainless Steel;Blue;Sapphire;Date;5;120;405;83;55;44000;20
Cartier;Ballon Bleu;18k Rose Gold;Leather;Silver;Sapphire;Date;5;30;33;996;42;13200;18
Hublot;Classic Fusion;18k King Gold;Rubber;Blue;Sapphire;None;5;50;42;105;42;20200;22
Audemars Piguet;Royal Oak;Stainless Steel;Stainless Steel;Blue;Sapphire;Date;5;50;41;104;60;24800;20
IWC;Pilot's Watch;Stainless Steel;Leather;Black;Sapphire;Date;5;60;41;128;42;4800;22
Tudor;Black Bay GMT;Stainless Steel;Stainless Steel;Black;Sapphire;GMT;5;200;41;145;70;4000;22
Breguet;Classique;18k White Gold;Leather;White;Sapphire;None;3;30;40;695;65;22500;20
Blancpain;Fifty Fathoms;Stainless Steel;Rubber;Black;Sapphire;Date;5;300;45;154;120;12500;23
Chopard;Mille Miglia;Stainless Steel;Leather;Black;Sapphire;Chronograph;5;50;42;1267;42;6900;22
Panerai;Luminor;Titanium;Leather;Black;Sapphire;None;5;100;44;1565;72;7500;24
Audemars Piguet;Royal Oak;Stainless Steel;Stainless Steel;Blue;Sapphire;Date Stopwatch;5;50;41;104;60;25000;20
Patek Philippe;Nautilus;Stainless Steel;Stainless Steel;Blue;Sapphire;Date Moon Phase;5;120;405;83;45;70000;22
IWC;Pilot's Watch;Stainless Steel;Leather;Black;Sapphire;Date Stopwatch;5;60;41;108;42;5500;20
Blancpain;Fifty Fathoms;Titanium;Fabric;Black;Sapphire;Date;5;300;45;154;120;12000;23
Ulysse Nardin;Marine;Stainless Steel;Rubber;Blue;Sapphire;Date Power Reserve;5;100;44;144;60;7500;22
Breguet;Classique;Rose Gold;Leather;Silver;Sapphire;None;5;30;38;825;45;20000;20
Girard-Perregaux;Laureato;Stainless Steel;Stainless Steel;Black;Sapphire;None;5;100;38;1088;46;8500;22
Hublot;Big Bang;Ceramic;Rubber;Black;Sapphire;Date Chronograph;5;100;42;141;42;12000;24
Zenith;Chronomaster;Stainless Steel;Leather;Silver;Sapphire;Date Chronograph;5;100;42;1405;50;6000;20
Vacheron Constantin;Overseas;Stainless Steel;Rubber;Blue;Sapphire;Date;5;150;41;11;40;12000;22
Audemars Piguet;Royal Oak;Stainless Steel;Stainless Steel;Black;Sapphire;Date;5;50;41;104;60;22000;20
Hublot;Classic Fusion;Titanium;Rubber;Blue;Sapphire;Date;5;50;42;105;42;8500;22
Panerai;Luminor Marina;Stainless Steel;Leather;Black;Sapphire;None;3;300;44;1565;56;7200;24
Breguet;Classique;18K White Gold;Leather;Silver;Sapphire;None;3;30;40;61;65;16000;20
Chopard;Happy Sport;Stainless Steel;Stainless Steel;Silver;Sapphire;Date;1;30;30;72;65;5800;15
Ulysse Nardin;Marine;Stainless Steel;Rubber;Blue;Sapphire;Date;5;100;422;126;60;8900;22
IWC;Portugieser Chronograph;Stainless Steel;Leather;White;Sapphire;Chronograph;5;30;41;131;46;7600;20
Patek Philippe;Nautilus;Stainless Steel;Stainless Steel;Blue;Sapphire;Date;5;120;408;83;45;57000;20
Montblanc;1858 Geosphere;Titanium;Leather;Black;Sapphire;GMT;5;100;42;128;42;6500;22
Vacheron Constantin;Overseas;Stainless Steel;Stainless Steel;Blue;Sapphire;Date;5;150;415;11;60;21000;22
Zenith;Chronomaster El Primero;Stainless Steel;Leather;Silver;Sapphire;Chronograph;5;100;38;1245;50;6000;20
Rolex;Daytona;18k Yellow Gold;Leather;Champagne;Sapphire;Chronograph;5;100;40;124;72;29500;20
Audemars Piguet;Royal Oak;Rose Gold;Rose Gold;Blue;Sapphire;None;5;50;37;98;60;36500;18
Patek Philippe;Nautilus;Stainless Steel;Stainless Steel;Blue;Sapphire;Date;5;120;405;83;45;51000;22
IWC;Portuguese;Stainless Steel;Leather;White;Sapphire;Date;5;30;423;142;60;8800;22
Blancpain;Fifty Fathoms;Stainless Steel;Rubber;Black;Sapphire;Date;5;300;45;154;120;13500;23
Hublot;Big Bang;Carbon Fiber;Rubber;Black;Sapphire;Chronograph;5;100;44;145;72;19500;22
Ulysse Nardin;Marine;Stainless Steel;Rubber;Blue;Sapphire;Date;5;100;43;126;60;7000;22
Breguet;Classique;18k White Gold;Leather;Silver;Sapphire;None;3;30;38;745;65;23000;20
Girard-Perregaux;Laureato;Stainless Steel;Stainless Steel;Black;Sapphire;Date;5;100;42;1088;46;9500;25
Piaget;Altiplano;18k White Gold;Leather;Silver;Sapphire;None;3;30;40;636;43;18500;20
Vacheron Constantin;Patrimony;18k Rose Gold;Leather;Silver;Sapphire;None;3;30;42;765;65;22500;20
Panerai;Luminor Marina;Stainless Steel;Leather;Black;Sapphire;Date GMT;5;300;44;1565;72;7500;22
IWC;Portugieser;Stainless Steel;Leather;Blue;Sapphire;Date;5;30;41;123;60;6500;22
Audemars Piguet;Royal Oak;Stainless Steel;Stainless Steel;Blue;Sapphire;Date;5;50;41;98;60;20000;20
Hublot;Big Bang;Carbon Fiber;Rubber;Black;Sapphire;Chronograph;5;100;44;145;72;12000;26
Girard-Perregaux;Laureato;Stainless Steel;Stainless Steel;Blue;Sapphire;Date;5;100;42;1088;54;6500;22
Chopard;Mille Miglia;Stainless Steel;Leather;Black;Sapphire;Chronograph;5;50;42;1143;48;6200;22
Vacheron Constantin;Overseas;Stainless Steel;Stainless Steel;Blue;Sapphire;Date;5;150;41;11;60;15000;22
Piaget;Altiplano;White Gold;Leather;Silver;Sapphire;None;3;30;40;636;44;22000;20
Zenith;El Primero;Stainless Steel;Leather;Black;Sapphire;Chronograph;5;100;42;1275;50;5500;22
Breguet;Classique;White Gold;Leather;Silver;Sapphire;None;5;30;39;102;45;19000;22
Tudor;Black Bay;Stainless Steel;Leather;Black;Sapphire;None;5;200;41;127;70;3500;22
Rolex;Datejust;Stainless Steel;Stainless Steel;Blue;Sapphire;Date Cyclops;5;100;36;125;70;7400;20
Omega;Speedmaster;Stainless Steel;Stainless Steel;Black;Hesalite;Chronograph;5;50;42;143;48;5000;20
Cartier;Santos;Stainless Steel;Stainless Steel;Silver;Sapphire;Date;5;100;398;908;42;6200;20
TAG Heuer;Aquaracer;Stainless Steel;Stainless Steel;Black;Sapphire;Date;5;300;43;125;38;3100;21
Breitling;Superocean;Stainless Steel;Rubber;Blue;Sapphire;Date;5;1000;42;133;38;4100;20
Panerai;Luminor Marina;Stainless Steel;Leather;Black;Sapphire;None;5;300;44;1305;72;6500;24
Tudor;Black Bay;Stainless Steel;Leather;Black;Sapphire;Date;5;200;41;127;70;3800;22
Zenith;Elite Classic;Stainless Steel;Leather;Silver;Sapphire;Date;5;50;39;815;50;4900;20
Longines;Conquest Classic;Stainless Steel;Leather;Silver;Sapphire;Date;5;50;40;1075;54;1850;20
Montblanc;Star Legacy;Stainless Steel;Leather;White;Sapphire;Date Moonphase;5;50;42;114;42;3900;22
Baume & Mercier;Clifton Baumatic;Stainless Steel;Leather;Silver;Sapphire;Date;5;50;40;103;120;2750;20
Rolex;Datejust;Stainless Steel;Jubilee Bracelet;Blue;Sapphire;Date;5;100;41;118;70;9500;20
Omega;Speedmaster Moonwatch;Stainless Steel;Stainless Steel;Black;Hesalite;Chronograph Tachymeter;3;50;42;1375;48;5350;20
Breitling;Superocean Heritage;Stainless Steel;Stainless Steel;Blue;Sapphire;Date;5;200;44;142;38;3250;22
Cartier;Santos-Dumont;18K Yellow Gold;Leather;Silver;Sapphire;None;3;30;275;65;76;14200;18
Tag Heuer;Monaco;Stainless Steel;Leather;Blue;Sapphire;Chronograph;5;100;39;14;40;4950;22
Jaeger-LeCoultre;Master Control;Stainless Steel;Leather;Silver;Sapphire;Date Moonphase;5;50;40;85;70;6500;20
Panerai;Luminor;Titanium;Rubber;Black;Sapphire;None;3;300;44;156;72;8500;24
Audemars Piguet;Royal Oak;Stainless Steel;Stainless Steel;Blue;Sapphire;Date;5;50;41;104;60;27000;20
IWC;Portugieser;Stainless Steel;Leather;Silver;Sapphire;Chronograph;5;30;404;123;46;7250;20
Patek Philippe;Calatrava;18K White Gold;Leather;White;Sapphire;None;3;30;38;825;44;25000;20
Bell & Ross;BR 03-92;Ceramic;Rubber;Black;Sapphire;None;5;100;42;98;40;3800;24
Rolex;Datejust;Stainless Steel;Stainless Steel;Silver;Sapphire;Date Cyclops Lens;5;100;36;125;70;8000;20
Omega;Speedmaster;Stainless Steel;Stainless Steel;Black;Hesalite;Chronograph Tachymeter;3;50;42;143;48;4500;20
Patek Philippe;Nautilus;Stainless Steel;Stainless Steel;Blue;Sapphire;Date;5;120;408;83;45;52000;20
Audemars Piguet;Royal Oak;Stainless Steel;Stainless Steel;Blue;Sapphire;Date;5;50;41;104;60;28500;20
IWC;Pilot's Watch Mark;Stainless Steel;Leather;Black;Sapphire;Date Chronograph;5;60;41;125;44;6800;20
Hublot;Big Bang;Ceramic;Rubber;Black;Sapphire;Chronograph;5;100;42;141;72;16000;24
Zenith;El Primero;Stainless Steel;Leather;Black;Sapphire;Chronograph;5;100;42;1275;50;6500;20
Breguet;Classique;18K White Gold;Leather;Silver;Sapphire;None;5;30;39;865;40;19000;20
Blancpain;Fifty Fathoms;Stainless Steel;Rubber;Black;Sapphire;Date;5;300;45;155;120;13500;23
Girard-Perregaux;Laureato;Stainless Steel;Stainless Steel;Black;Sapphire;Date;5;100;42;1088;46;8000;25
Jaquet Droz;Grande Seconde;Stainless Steel;Leather;Silver;Sapphire;None;5;30;43;1248;68;10000;23
Rolex;GMT-Master II;Stainless Steel;Stainless Steel;Black;Sapphire;Date GMT;5;100;40;125;70;9700;20
Patek Philippe;Nautilus;Stainless Steel;Stainless Steel;Blue;Sapphire;Date;5;120;405;83;45;29800;21
Omega;Speedmaster;Stainless Steel;Stainless Steel;Black;Hesalite;Chronograph;3;50;42;143;48;5350;20
Audemars Piguet;Royal Oak;Stainless Steel;Stainless Steel;Blue;Sapphire;Date;5;50;41;98;60;18500;20
IWC;Pilot's Watch;Stainless Steel;Leather;Black;Sapphire;Date;5;60;43;15;72;4950;22
Zenith;El Primero;Stainless Steel;Leather;White;Sapphire;Chronograph Date;5;100;42;1275;50;7900;20
Cartier;Santos-Dumont;Stainless Steel;Leather;Silver;Sapphire;None;3;30;314;725;55;4500;18
Hublot;Big Bang;Titanium;Rubber;Black;Sapphire;Chronograph Date;5;100;44;145;72;16000;24
Girard-Perregaux;Laureato;Stainless Steel;Stainless Steel;Blue;Sapphire;Date;5;100;42;1088;54;12800;22
Jaeger-LeCoultre;Master Control;Stainless Steel;Leather;Silver;Sapphire;Date Power Reserve Indicator;5;50;40;878;70;8500;20
IWC;Portugieser;Stainless Steel;Leather;Blue;Sapphire;Date Power Reserve Indicator;5;30;41;123;42;8500;22
Panerai;Luminor;Titanium;Rubber;Black;Sapphire;Date Sub Seconds;5;300;44;1305;72;7500;24
Patek Philippe;Nautilus;Stainless Steel;Stainless Steel;Blue;Sapphire;Date;5;120;405;83;45;39000;20
Audemars Piguet;Royal Oak;Stainless Steel;Stainless Steel;Blue;Sapphire;Date;5;50;37;98;40;19500;20
Hublot;Big Bang;Titanium;Rubber;Black;Sapphire;Date Chronograph;5;100;44;145;72;13000;24
Zenith;El Primero;Stainless Steel;Leather;White;Sapphire;Date Chronograph Moon Phase;5;100;42;1275;50;7500;20
Vacheron Constantin;Overseas;Stainless Steel;Stainless Steel;Blue;Sapphire;Date World Time;5;150;41;11;60;23000;22
Breguet;Classique;18K White Gold;Leather;Silver;Sapphire;None;3;30;40;695;50;24000;20
Blancpain;Fifty Fathoms;Stainless Steel;Fabric;Black;Sapphire;Date Power Reserve Indicator;5;300;45;155;120;11000;23
Chopard;Mille Miglia;Stainless Steel;Leather;Black;Sapphire;Date Chronograph;5;50;44;1445;42;6000;22
Rolex;Datejust;Stainless Steel;Stainless Steel;Silver;Sapphire;Date;5;100;36;12;70;7500;20
Omega;Speedmaster;Stainless Steel;Stainless Steel;Black;Sapphire;Chronograph Tachymeter;5;50;42;137;60;6500;20
Tag Heuer;Aquaracer;Stainless Steel;Stainless Steel;Blue;Sapphire;Date;5;300;43;13;38;3700;21
Breitling;Superocean;Stainless Steel;Rubber;Black;Sapphire;Date;5;200;44;142;42;4500;22
Cartier;Ballon Bleu;Stainless Steel;Stainless Steel;Silver;Sapphire;Date;5;30;42;13;42;7500;22
Jaeger-LeCoultre;Master Control;Stainless Steel;Leather;Silver;Sapphire;Date Power Reserve;5;50;40;88;70;6000;20
Rolex;GMT-Master II;Stainless Steel;Stainless Steel;Black;Sapphire;Dual Time Zone;5;100;40;125;70;9500;20
Omega;Constellation;Stainless Steel;Stainless Steel;Black;Sapphire;Date;5;100;39;106;50;4800;20
Tag Heuer;Monaco;Stainless Steel;Leather;Blue;Sapphire;Chronograph;5;100;39;145;40;5200;22
Breitling;Chronomat;Stainless Steel;Stainless Steel;Blue;Sapphire;Chronograph Date;5;200;44;1695;70;6900;22
Cartier;Santos;Stainless Steel;Stainless Steel;Silver;Sapphire;Date;5;100;351;883;42;5500;18
Rolex;Datejust;Stainless Steel;Stainless Steel;White;Sapphire;Date;5;100;41;117;70;8000;20
Patek Philippe;Nautilus;Stainless Steel;Stainless Steel;Blue;Sapphire;Date;5;120;405;83;45;40000;21
Audemars Piguet;Royal Oak;Stainless Steel;Stainless Steel;Blue;Sapphire;Date;5;50;37;9;60;18000;16
IWC;Portugieser;Stainless Steel;Leather;White;Sapphire;Date;5;30;404;123;60;7500;22
Hublot;Big Bang;Titanium;Rubber;Black;Sapphire;Chronograph;5;100;44;145;72;14000;25
Blancpain;Fifty Fathoms;Stainless Steel;Canvas;Black;Sapphire;Date;5;300;45;154;120;14000;23
Breguet;Classique;Rose Gold;Leather;Silver;Sapphire;None;3;30;40;68;55;25000;20
Jaeger-LeCoultre;Master Ultra Thin;Stainless Steel;Leather;Silver;Sapphire;None;5;50;39;78;70;6500;20
Zenith;El Primero;Stainless Steel;Stainless Steel;Blue;Sapphire;Chronograph;5;100;42;1275;50;7000;20
Bulgari;Octo Finissimo;Titanium;Titanium;Black;Sapphire;None;5;30;40;515;55;10000;28
Girard-Perregaux;Laureato;Stainless Steel;Stainless Steel;Blue;Sapphire;Date;5;100;42;1088;54;9000;22
Rolex;GMT-Master II;Stainless Steel;Stainless Steel;Black;Sapphire;GMT Date;5;100;40;121;70;9450;20
Patek Philippe;Nautilus;Stainless Steel;Stainless Steel;Blue;Sapphire;Date;5;120;408;83;55;29800;21
Audemars Piguet;Royal Oak;Stainless Steel;Stainless Steel;Blue;Sapphire;Date Chronograph;5;50;41;98;50;22300;20
Hublot;Classic Fusion;Titanium;Rubber;Black;Sapphire;Date;5;50;42;106;42;8100;22
IWC;Pilot's Watch Mark XVIII;Stainless Steel;Leather;Black;Sapphire;Date;5;60;40;108;42;3900;20
A. Lange & Söhne;Saxonia;Rose Gold;Leather;Silver;Sapphire;None;3;30;385;78;72;23300;18
Breguet;Classique;Rose Gold;Leather;Silver;Sapphire;Date;5;30;39;865;65;23200;20
Chopard;Mille Miglia;Stainless Steel;Leather;Black;Sapphire;Date Chronograph Tachymeter;5;50;44;144;42;6300;22
Zenith;El Primero;Stainless Steel;Leather;White;Sapphire;Date Chronograph;5;100;38;1245;50;5600;20
Panerai;Luminor;Titanium;Leather;Black;Sapphire;None;3;100;44;1305;56;6900;24
Rolex;Daytona;Stainless Steel;Stainless Steel;White;Sapphire;Chronograph;5;100;40;124;72;13500;20
Omega;Speedmaster;Stainless Steel;Stainless Steel;Black;Hesalite;Chronograph;3;50;42;143;48;4500;20
Cartier;Santos;Stainless Steel;Leather;Silver;Sapphire;Date;5;100;398;908;42;6600;20
Breitling;Superocean Heritage;Stainless Steel;Leather;Black;Sapphire;Date;5;200;42;1435;38;4400;20
Tag Heuer;Aquaracer;Stainless Steel;Stainless Steel;Blue;Sapphire;Date;5;300;41;12;38;2800;20
Jaeger-LeCoultre;Master Ultra Thin;Stainless Steel;Leather;Silver;Sapphire;None;5;50;40;745;43;6300;20
Patek Philippe;Calatrava;18k Rose Gold;Leather;White;Sapphire;None;3;30;38;768;44;22900;19
Audemars Piguet;Royal Oak;Stainless Steel;Stainless Steel;Black;Sapphire;Date;5;50;41;98;60;22500;20
Zenith;El Primero;Stainless Steel;Stainless Steel;Blue;Sapphire;Chronograph;5;100;42;1275;50;6900;20
Vacheron Constantin;Overseas;Stainless Steel;Stainless Steel;Black;Sapphire;Date World Time;5;150;41;11;60;20200;20
IWC;Portugieser;Stainless Steel;Leather;Silver;Sapphire;None;5;30;404;126;44;7600;20
Panerai;Luminor Marina;Stainless Steel;Leather;Black;Sapphire;Date;5;300;44;1565;72;6500;24
Patek Philippe;Nautilus;Stainless Steel;Stainless Steel;Blue;Sapphire;Date;5;120;405;83;45;34000;21
Audemars Piguet;Royal Oak;Stainless Steel;Stainless Steel;Black;Sapphire;Date;5;50;41;98;60;22000;20
IWC;Portugieser;Stainless Steel;Leather;White;Sapphire;Date;5;30;41;123;168;9500;22
Hublot;Big Bang;Ceramic;Rubber;Black;Sapphire;Chronograph;5;100;41;146;42;14000;20
Breguet;Classique;18k Rose Gold;Leather;Silver;Sapphire;None;3;30;39;102;40;26000;22
Zenith;El Primero;Stainless Steel;Leather;Silver;Sapphire;Chronograph;5;100;38;125;50;7000;20
Blancpain;Fifty Fathoms;Stainless Steel;NATO strap;Black;Sapphire;None;5;300;45;154;120;10000;23
Girard-Perregaux;Laureato;Stainless Steel;Stainless Steel;Blue;Sapphire;Date;5;100;42;1088;54;11500;22
Ulysse Nardin;Marine;Stainless Steel;Leather;Blue;Sapphire;Date;5;100;422;126;60;7500;20
Vacheron Constantin;Overseas;Stainless Steel;Stainless Steel;Silver;Sapphire;Date;5;150;415;11;60;20000;22
Patek Philippe;Nautilus;Stainless Steel;Stainless Steel;Blue;Sapphire;Date;5;120;40;83;45;26000;20
Audemars Piguet;Royal Oak;Stainless Steel;Stainless Steel;Grey;Sapphire;Date;5;50;41;104;60;17000;20
IWC;Portugieser;Stainless Steel;Leather;White;Sapphire;Chronograph;5;30;423;142;46;7800;22
A. Lange & Söhne;Saxonia;18k Rose Gold;Leather;Silver;Sapphire;None;3;30;37;75;45;17500;18
Vacheron Constantin;Overseas;Stainless Steel;Rubber;Blue;Sapphire;Date;5;150;425;137;40;20000;22
Girard-Perregaux;Laureato;Stainless Steel;Stainless Steel;Black;Sapphire;Chronograph;5;100;41;1088;46;12000;26
Zenith;El Primero;Stainless Steel;Leather;Silver;Sapphire;Chronograph;5;100;42;1275;50;7500;22
Blancpain;Fifty Fathoms;Stainless Steel;Rubber;Black;Sapphire;Date;5;300;45;155;120;14000;23
Hublot;Classic Fusion;Titanium;Rubber;Blue;Sapphire;None;5;50;45;1095;42;9500;22
Breguet;Classique;18k White Gold;Leather;Silver;Sapphire;None;3;30;38;825;40;22000;20
Piaget;Polo;Stainless Steel;Stainless Steel;Blue;Sapphire;Date;5;100;42;94;44;10500;22
Patek Philippe;Nautilus;Stainless Steel;Stainless Steel;Blue;Sapphire;Date;5;120;405;83;45;29000;22
Audemars Piguet;Royal Oak;Rose Gold;Leather;Black;Sapphire;Date;5;50;37;98;60;38500;20
Hublot;Classic Fusion;Titanium;Rubber;Blue;Sapphire;None;5;50;42;985;42;7500;22
Breguet;Classique;Rose Gold;Leather;Silver;Sapphire;None;5;30;39;102;65;25000;20
IWC;Pilot's Watch;Stainless Steel;Leather;Black;Sapphire;Date;5;60;41;153;42;5900;20
Blancpain;Fifty Fathoms;Stainless Steel;NATO Strap;Black;Sapphire;Date;5;300;45;155;120;12000;23
Zenith;El Primero;Stainless Steel;Leather;Silver;Sapphire;Chronograph;5;100;38;1245;50;6200;20
Chopard;Mille Miglia;Stainless Steel;Rubber;Black;Sapphire;Chronograph;5;50;42;1307;48;6800;20
Vacheron Constantin;Patrimony;White Gold;Leather;Silver;Sapphire;None;3;30;40;679;65;28000;20
Panerai;Luminor;Titanium;Leather;Black;Sapphire;None;5;300;44;1615;72;9500;24
Tudor;Black Bay;Stainless Steel;NATO Strap;Black;Sapphire;None;5;200;41;119;70;3500;22
Panerai;Luminor Marina;Stainless Steel;Leather;Black;Sapphire;Date;5;300;42;145;50;7200;22
IWC;Portugieser;Stainless Steel;Leather;Blue;Sapphire;None;5;30;41;123;60;7900;22
Patek Philippe;Nautilus;Stainless Steel;Stainless Steel;Blue;Sapphire;Date;5;120;40;83;45;36000;22
Audemars Piguet;Royal Oak;Stainless Steel;Stainless Steel;Blue;Sapphire;Date;5;50;41;104;60;28500;20
Blancpain;Fifty Fathoms;Stainless Steel;Canvas;Black;Sapphire;Date;5;300;45;154;120;15000;23
Breguet;Classique;18K Yellow Gold;Leather;Silver;Sapphire;Date;5;30;39;102;38;26000;20
Zenith;Chronomaster;Stainless Steel;Leather;Blue;Sapphire;Chronograph;5;50;42;135;50;6500;22
Girard-Perregaux;Laureato;Stainless Steel;Stainless Steel;Blue;Sapphire;Date;5;100;38;1088;54;12000;20
Hublot;Big Bang;Titanium;Rubber;Black;Sapphire;Chronograph;5;100;44;145;72;18500;24
Jaquet Droz;Grande Seconde;Stainless Steel;Leather;Black;Sapphire;None;5;30;43;1148;68;9500;23
Montblanc;Star Legacy;Stainless Steel;Leather;Silver;Sapphire;Date;5;50;39;99;42;3500;19
Rolex;GMT-Master II;Stainless Steel;Stainless Steel;Black;Sapphire;GMT Date;5;100;40;125;70;9900;20
Omega;Speedmaster;Stainless Steel;Stainless Steel;Black;Hesalite;Chronograph;3;50;42;143;48;4300;20
IWC;Portugieser;Stainless Steel;Leather;White;Sapphire;None;5;30;404;123;60;7500;20
Hublot;Big Bang;Ceramic;Rubber;Black;Sapphire;Chronograph;5;100;44;145;72;15500;24
Panerai;Luminor Marina;Stainless Steel;Leather;Black;Sapphire;None;3;300;44;1305;56;5200;24
Patek Philippe;Calatrava;White Gold;Leather;White;Sapphire;Date;5;30;37;85;45;25000;18
Audemars Piguet;Royal Oak;Stainless Steel;Stainless Steel;Blue;Sapphire;Date;5;50;41;104;60;19500;20
Vacheron Constantin;Patrimony;Rose Gold;Leather;White;Sapphire;None;5;30;40;679;40;15000;20
Blancpain;Fifty Fathoms;Titanium;Fabric;Black;Sapphire;None;5;300;45;154;120;14000;23
Girard-Perregaux;Laureato;Stainless Steel;Stainless Steel;Blue;Sapphire;None;5;100;42;1088;54;7500;25
Jaquet Droz;Grande Seconde;Stainless Steel;Leather;White;Sapphire;None;5;30;43;1148;68;8500;22
Rolex;Datejust;Stainless Steel;Jubilee Bracelet;Blue;Sapphire;Date;5;100;36;12;70;7650;20
Omega;Speedmaster;Stainless Steel;Stainless Steel;Black;Hesalite;Chronograph;3;50;42;143;48;5200;20
Patek Philippe;Nautilus;Stainless Steel;Stainless Steel;Blue;Sapphire;Date Chronograph;5;120;405;83;55;67000;20
Audemars Piguet;Royal Oak;Stainless Steel;Stainless Steel;Blue;Sapphire;Date Power Reserve;5;50;41;98;60;25000;20
Cartier;Ballon Bleu;Stainless Steel;Stainless Steel;Silver;Sapphire;Date;5;30;366;1205;42;4700;18
IWC;Portugieser;Stainless Steel;Leather;Blue;Sapphire;None;5;30;423;142;60;9100;22
Jaeger-LeCoultre;Master Control;Stainless Steel;Leather;Silver;Sapphire;Date Moonphase;5;50;39;85;70;8200;20
Blancpain;Fifty Fathoms;Stainless Steel;Canvas;Black;Sapphire;Date;5;300;45;155;120;12500;23
Breguet;Classique;18K Rose Gold;Leather;White;Sapphire;Date Moonphase;5;30;39;99;65;27900;22
Chopard;Mille Miglia;Stainless Steel;Rubber;Black;Sapphire;Chronograph Date;5;50;42;1267;42;6500;20
Seiko;Prospex;Stainless Steel;Silicone;Black;Hardlex;Date GMT;5;200;443;131;50;1200;22
Tudor;Black Bay;Stainless Steel;Leather;Black;Sapphire;None;5;200;41;1475;70;3800;22
IWC;Pilot's Watch;Stainless Steel;Leather;Black;Sapphire;Date;5;60;39;1086;42;4500;20
Panerai;Luminor Marina;Titanium;Rubber;Black;Sapphire;None;5;300;44;1565;72;9500;24
Patek Philippe;Nautilus;Stainless Steel;Stainless Steel;Blue;Sapphire;Date;5;120;405;83;45;35000;20
Audemars Piguet;Royal Oak;Stainless Steel;Stainless Steel;Black;Sapphire;Date;5;50;41;104;60;24000;20
Breguet;Classique;18k Rose Gold;Leather;White;Sapphire;Date;5;30;385;825;38;21500;20
Blancpain;Fifty Fathoms;Stainless Steel;Fabric;Black;Sapphire;Date;5;300;45;155;120;13500;23
Longines;Master Collection;Stainless Steel;Leather;Blue;Sapphire;Date;5;30;385;97;64;1800;20
Vacheron Constantin;Overseas;Stainless Steel;Stainless Steel;Blue;Sapphire;Date;5;150;415;11;40;19000;22
Frederique Constant;Classics;Stainless Steel;Leather;Silver;Sapphire;Date;5;50;40;106;38;1200;20
